Content Type: application/xml
<?xml version="1.0" encoding="UTF-8" standalone="yes"?>
<acertaPositivoContratoEntrada xmlns="http://boavistaservicos.com.br/familia/acerta/positivo/pf">
<usuario>XXXXXXXX</usuario>
<senha>YYYYYY</senha>
<cpf>00000000000</cpf>
<tipoCredito>CC</tipoCredito>
<consultaChequeCompleta>S<consultaChequeCompleta>
<banco>0</banco>
<agencia>0</agencia>
<contaCorrente>00</contaCorrente>
<digitoContaCorrente>00</digitoContaCorrente>
<numeroCheque>00</digitoContaCorrente>
<digitoNumeroCheque>00</digitoNumeroCheque>
<totalCheques>00</totalCheques>
<dataCheque>00000000</dataCheque>
<valor>0000</valor>
</acertaPositivoContratoEntrada>
