Content Type: application/xml
<?xml version="1.0" encoding="UTF-8" standalone="yes"?>
<acertaPositivoContratoEntrada xmlns="http://boavistaservicos.com.br/familia/acerta/positivo/pf">
<usuario>XXXXXXXX</usuario>
<senha>YYYYYY</senha>
<cpf>00000000000</cpf>
<tipoCredito>CC</tipoCredito>
<consultaChequeCompleta>S<consultaChequeCompleta>
<cmc7Posicao1></cmc7Posicao1>
<cmc7Posicao2></cmc7Posicao2>
<cmc7Posicao3></cmc7Posicao3>
<totalCheques></totalCheques>
<dataCheque></dataCheque>
<valor></valor>
</acertaPositivoContratoEntrada>
