<?xml version="1.0" encoding="UTF-8" standalone="yes"?>
<essencial xmlns="http://boavistaservicos.com.br/familia/acerta/positivo/pf/essencial/v4" xmlns:tr_020="http://boavistaservicos.com.br/familia/acerta/positivo/pf/resumo_de_acoes_civeis" xmlns:tr_021="http://boavistaservicos.com.br/familia/acerta/positivo/pf/relacao_de_acoes_civeis" xmlns:tr_142="http://boavistaservicos.com.br/familia/acerta/positivo/pf/titulos_protestados" xmlns:tr_241="http://boavistaservicos.com.br/familia/acerta/positivo/pf/nome_documentos" xmlns:tr_220="http://boavistaservicos.com.br/familia/acerta/positivo/pf/resumo_consultas_anteriores_cheque" xmlns:tr_242="http://boavistaservicos.com.br/familia/acerta/positivo/pf/relacao_devolucoes_informadas_pelo_ccf" xmlns:tr_282="http://boavistaservicos.com.br/familia/acerta/positivo/pf/participacoes_do_documento_consultado" xmlns:tr_126="http://boavistaservicos.com.br/familia/acerta/positivo/pf/consultas_anteriores" xmlns:tr_247="http://boavistaservicos.com.br/familia/acerta/positivo/pf/historico_conta_corrente_informada" xmlns:tr_500="http://boavistaservicos.com.br/familia/acerta/positivo/pf/identificacao" xmlns:tr_940="http://boavistaservicos.com.br/familia/acerta/positivo/pf/mensagem_registro" xmlns:tr_248="http://boavistaservicos.com.br/familia/acerta/positivo/pf/consultas_anteriores_cheque" xmlns:tr_501="http://boavistaservicos.com.br/familia/acerta/positivo/pf/localizacao" xmlns:tr_227="http://boavistaservicos.com.br/familia/acerta/positivo/pf/confirmacao_cep" xmlns:tr_601="http://boavistaservicos.com.br/familia/acerta/positivo/pf/score_classificacao_varios_modelos" xmlns:tr_700="http://boavistaservicos.com.br/familia/acerta/positivo/pf/nota_comportamento" xmlns:tr_243="http://boavistaservicos.com.br/familia/acerta/positivo/pf/informacoes_complementares_cheque" xmlns:tr_123="http://boavistaservicos.com.br/familia/acerta/positivo/pf/informacoes_complementares" xmlns:tr_244="http://boavistaservicos.com.br/familia/acerta/positivo/pf/devolucoes_informadas_pelo_usuario" xmlns:tr_124="http://boavistaservicos.com.br/familia/acerta/positivo/pf/debitos" xmlns:tr_146="http://boavistaservicos.com.br/familia/acerta/positivo/pf/resumo_titulos_protestados" xmlns:tr_223="http://boavistaservicos.com.br/familia/acerta/positivo/pf/confirmacao_telefone" xmlns:tr_245="http://boavistaservicos.com.br/familia/acerta/positivo/pf/cheques_sustados_pelo_motivo_21" xmlns:tr_224="http://boavistaservicos.com.br/familia/acerta/positivo/pf/endereco_telefones_agencia_bancaria" xmlns:tr_246="http://boavistaservicos.com.br/familia/acerta/positivo/pf/historico_cheque_informado" xmlns:tr_268="http://boavistaservicos.com.br/familia/acerta/positivo/pf/resumo_devolucoes_informada_pelo_usuario" xmlns:tr_108="http://boavistaservicos.com.br/familia/acerta/positivo/pf/resumo_ocorrencias_de_debitos" xmlns:tr_801="http://boavistaservicos.com.br/familia/acerta/positivo/pf/painel_controle_positivo/v4/essencial" xmlns:tr_804="http://boavistaservicos.com.br/familia/acerta/positivo/pf/status_consumidor" xmlns:tr_295="http://boavistaservicos.com.br/familia/acerta/positivo/pf/relacao_falencia_recuperacao_judicial" xmlns:tr_214="http://boavistaservicos.com.br/familia/acerta/positivo/pf/resumo_devolucoes_informadas_pelo_ccf" xmlns:tr_111="http://boavistaservicos.com.br/familia/acerta/positivo/pf/resumoConsultas_anteriores_90_dias" xmlns:tr_211="http://boavistaservicos.com.br/familia/acerta/positivo/pf/cheque_talao_sustado" xmlns:tr_999="http://boavistaservicos.com.br/familia/acerta/positivo/pf/erro">
    <tr_020:resumo_de_acoes_civeis>
        <tr_020:tamanhoRegistro>004</tr_020:tamanhoRegistro>
        <tr_020:tipoRegistro>020</tr_020:tipoRegistro>
        <tr_020:registro>N</tr_020:registro>
    </tr_020:resumo_de_acoes_civeis>
    <tr_021:relacao_de_acoes_civeis>
        <tr_021:tamanhoRegistro>004</tr_021:tamanhoRegistro>
        <tr_021:tipoRegistro>021</tr_021:tipoRegistro>
        <tr_021:registro>N</tr_021:registro>
    </tr_021:relacao_de_acoes_civeis>
    <tr_108:resumo_ocorrencias_de_debitos>
        <tr_108:tamanhoRegistro>004</tr_108:tamanhoRegistro>
        <tr_108:tipoRegistro>108</tr_108:tipoRegistro>
        <tr_108:registro>N</tr_108:registro>
    </tr_108:resumo_ocorrencias_de_debitos>
    <tr_111:resumoConsultas_anteriores_90_dias>
        <tr_111:tamanhoRegistro>49</tr_111:tamanhoRegistro>
        <tr_111:tipoRegistro>111</tr_111:tipoRegistro>
        <tr_111:registro>S</tr_111:registro>
        <tr_111:total>00007</tr_111:total>
        <tr_111:ano_1>2023</tr_111:ano_1>
        <tr_111:mes_1>06</tr_111:mes_1>
        <tr_111:total_1>0000</tr_111:total_1>
        <tr_111:ano_2>2023</tr_111:ano_2>
        <tr_111:mes_2>05</tr_111:mes_2>
        <tr_111:total_2>0004</tr_111:total_2>
        <tr_111:ano_3>2023</tr_111:ano_3>
        <tr_111:mes_3>04</tr_111:mes_3>
        <tr_111:total_3>0001</tr_111:total_3>
        <tr_111:ano_4>2023</tr_111:ano_4>
        <tr_111:mes_4>03</tr_111:mes_4>
        <tr_111:total_4>0002</tr_111:total_4>
    </tr_111:resumoConsultas_anteriores_90_dias>
    <tr_123:informacoes_complementares>
        <tr_123:tamanhoRegistro>004</tr_123:tamanhoRegistro>
        <tr_123:tipoRegistro>123</tr_123:tipoRegistro>
        <tr_123:registro>N</tr_123:registro>
    </tr_123:informacoes_complementares>
    <tr_124:debitos>
        <tr_124:tamanhoRegistro>004</tr_124:tamanhoRegistro>
        <tr_124:tipoRegistro>124</tr_124:tipoRegistro>
        <tr_124:registro>N</tr_124:registro>
    </tr_124:debitos>
    <tr_126:consultas_anteriores>
        <tr_126:tamanhoRegistro>66</tr_126:tamanhoRegistro>
        <tr_126:tipoRegistro>126</tr_126:tipoRegistro>
        <tr_126:registro>S</tr_126:registro>
        <tr_126:tipoOcorrencia>OU</tr_126:tipoOcorrencia>
        <tr_126:data>29/05/2023</tr_126:data>
        <tr_126:moeda></tr_126:moeda>
        <tr_126:valor>0,00</tr_126:valor>
        <tr_126:informante>EQUIFAX DO BRASIL LTDA</tr_126:informante>
        <tr_126:produto>S</tr_126:produto>
    </tr_126:consultas_anteriores>
    <tr_126:consultas_anteriores>
        <tr_126:tamanhoRegistro>66</tr_126:tamanhoRegistro>
        <tr_126:tipoRegistro>126</tr_126:tipoRegistro>
        <tr_126:registro>S</tr_126:registro>
        <tr_126:tipoOcorrencia>OU</tr_126:tipoOcorrencia>
        <tr_126:data>26/05/2023</tr_126:data>
        <tr_126:moeda></tr_126:moeda>
        <tr_126:valor>0,00</tr_126:valor>
        <tr_126:informante>EQUIFAX DO BRASIL LTDA</tr_126:informante>
        <tr_126:produto>S</tr_126:produto>
    </tr_126:consultas_anteriores>
    <tr_126:consultas_anteriores>
        <tr_126:tamanhoRegistro>66</tr_126:tamanhoRegistro>
        <tr_126:tipoRegistro>126</tr_126:tipoRegistro>
        <tr_126:registro>S</tr_126:registro>
        <tr_126:tipoOcorrencia>OU</tr_126:tipoOcorrencia>
        <tr_126:data>24/05/2023</tr_126:data>
        <tr_126:moeda></tr_126:moeda>
        <tr_126:valor>0,00</tr_126:valor>
        <tr_126:informante>EQUIFAX DO BRASIL LTDA</tr_126:informante>
        <tr_126:produto>S</tr_126:produto>
    </tr_126:consultas_anteriores>
    <tr_126:consultas_anteriores>
        <tr_126:tamanhoRegistro>66</tr_126:tamanhoRegistro>
        <tr_126:tipoRegistro>126</tr_126:tipoRegistro>
        <tr_126:registro>S</tr_126:registro>
        <tr_126:tipoOcorrencia>OU</tr_126:tipoOcorrencia>
        <tr_126:data>10/05/2023</tr_126:data>
        <tr_126:moeda></tr_126:moeda>
        <tr_126:valor>0,00</tr_126:valor>
        <tr_126:informante>EQUIFAX DO BRASIL LTDA</tr_126:informante>
        <tr_126:produto>S</tr_126:produto>
    </tr_126:consultas_anteriores>
    <tr_126:consultas_anteriores>
        <tr_126:tamanhoRegistro>66</tr_126:tamanhoRegistro>
        <tr_126:tipoRegistro>126</tr_126:tipoRegistro>
        <tr_126:registro>S</tr_126:registro>
        <tr_126:tipoOcorrencia>CC</tr_126:tipoOcorrencia>
        <tr_126:data>24/04/2023</tr_126:data>
        <tr_126:moeda></tr_126:moeda>
        <tr_126:valor>0,00</tr_126:valor>
        <tr_126:informante>EQUIFAX DO BRASIL LTDA</tr_126:informante>
        <tr_126:produto>S</tr_126:produto>
    </tr_126:consultas_anteriores>
    <tr_126:consultas_anteriores>
        <tr_126:tamanhoRegistro>66</tr_126:tamanhoRegistro>
        <tr_126:tipoRegistro>126</tr_126:tipoRegistro>
        <tr_126:registro>S</tr_126:registro>
        <tr_126:tipoOcorrencia>CC</tr_126:tipoOcorrencia>
        <tr_126:data>22/03/2023</tr_126:data>
        <tr_126:moeda></tr_126:moeda>
        <tr_126:valor>0,00</tr_126:valor>
        <tr_126:informante>EQUIFAX DO BRASIL LTDA</tr_126:informante>
        <tr_126:produto>S</tr_126:produto>
    </tr_126:consultas_anteriores>
    <tr_126:consultas_anteriores>
        <tr_126:tamanhoRegistro>66</tr_126:tamanhoRegistro>
        <tr_126:tipoRegistro>126</tr_126:tipoRegistro>
        <tr_126:registro>S</tr_126:registro>
        <tr_126:tipoOcorrencia>CC</tr_126:tipoOcorrencia>
        <tr_126:data>21/03/2023</tr_126:data>
        <tr_126:moeda></tr_126:moeda>
        <tr_126:valor>0,00</tr_126:valor>
        <tr_126:informante>EQUIFAX DO BRASIL LTDA</tr_126:informante>
        <tr_126:produto>S</tr_126:produto>
    </tr_126:consultas_anteriores>
    <tr_142:titulos_protestados>
        <tr_142:tamanhoRegistro>069</tr_142:tamanhoRegistro>
        <tr_142:tipoRegistro>142</tr_142:tipoRegistro>
        <tr_142:registro>S</tr_142:registro>
        <tr_142:tipoOcorrencia>TP</tr_142:tipoOcorrencia>
        <tr_142:cartorio>3</tr_142:cartorio>
        <tr_142:dataOcorrencia>17/02/2022</tr_142:dataOcorrencia>
        <tr_142:moeda>R$</tr_142:moeda>
        <tr_142:valor>2.789,45</tr_142:valor>
        <tr_142:cidade>NITEROI</tr_142:cidade>
        <tr_142:uf>RJ</tr_142:uf>
    </tr_142:titulos_protestados>
    <tr_146:resumo_titulos_protestados>
        <tr_146:tamanhoRegistro>47</tr_146:tamanhoRegistro>
        <tr_146:tipoRegistro>146</tr_146:tipoRegistro>
        <tr_146:registro>S</tr_146:registro>
        <tr_146:total>1</tr_146:total>
        <tr_146:uf></tr_146:uf>
        <tr_146:periodoInicial>17/02/2022</tr_146:periodoInicial>
        <tr_146:periodoFinal>17/02/2022</tr_146:periodoFinal>
        <tr_146:moeda>R$</tr_146:moeda>
        <tr_146:valorAcumulado>2.789,45</tr_146:valorAcumulado>
    </tr_146:resumo_titulos_protestados>
    <tr_241:nome_documentos>
        <tr_241:tamanhoRegistro>004</tr_241:tamanhoRegistro>
        <tr_241:tipoRegistro>241</tr_241:tipoRegistro>
        <tr_241:registro>N</tr_241:registro>
    </tr_241:nome_documentos>
    <tr_282:participacoes_do_documento_consultado>
        <tr_282:tamanhoRegistro>210</tr_282:tamanhoRegistro>
        <tr_282:tipoRegistro>282</tr_282:tipoRegistro>
        <tr_282:registro>S</tr_282:registro>
        <tr_282:tipoDocumentoA>1</tr_282:tipoDocumentoA>
        <tr_282:numeroDocumentoA>00075449013191</tr_282:numeroDocumentoA>
        <tr_282:razaoSocial>ALLGOING TURISMO LTDA</tr_282:razaoSocial>
        <tr_282:tipoMoeda></tr_282:tipoMoeda>
        <tr_282:valor>0,00</tr_282:valor>
        <tr_282:observacao>N</tr_282:observacao>
        <tr_282:valorEmPercentual>0,00</tr_282:valorEmPercentual>
        <tr_282:dataDeEntrada>14/12/2012</tr_282:dataDeEntrada>
        <tr_282:funcao>ADMINISTRADOR</tr_282:funcao>
        <tr_282:tipoDocumentoB>2</tr_282:tipoDocumentoB>
        <tr_282:numeroDocumentoB>17303990000130</tr_282:numeroDocumentoB>
        <tr_282:tipoSocio>A</tr_282:tipoSocio>
    </tr_282:participacoes_do_documento_consultado>
    <tr_295:relacao_falencia_recuperacao_judicial>
        <tr_295:tamanhoRegistro>004</tr_295:tamanhoRegistro>
        <tr_295:tipoRegistro>295</tr_295:tipoRegistro>
        <tr_295:registro>N</tr_295:registro>
    </tr_295:relacao_falencia_recuperacao_judicial>
    <tr_500:identificacao>
        <tr_500:tamanhoRegistro>366</tr_500:tamanhoRegistro>
        <tr_500:tipoRegistro>500</tr_500:tipoRegistro>
        <tr_500:registro>S</tr_500:registro>
        <tr_500:documento>75449013191</tr_500:documento>
        <tr_500:nome>NOME FANTASIA DO CPF 00075449013191</tr_500:nome>
        <tr_500:nomeMae>NOME DA MAE TESTE</tr_500:nomeMae>
        <tr_500:dataNascimento>18/03/1965</tr_500:dataNascimento>
        <tr_500:numeroRG></tr_500:numeroRG>
        <tr_500:orgaoEmissor></tr_500:orgaoEmissor>
        <tr_500:unidadeFedarativaRG></tr_500:unidadeFedarativaRG>
        <tr_500:dataEmissaoRG>-</tr_500:dataEmissaoRG>
        <tr_500:sexoConsultado>2</tr_500:sexoConsultado>
        <tr_500:nacionalidade>BRASILEIRO</tr_500:nacionalidade>
        <tr_500:estadoCivil>1</tr_500:estadoCivil>
        <tr_500:numeroDependentes>2</tr_500:numeroDependentes>
        <tr_500:grauInstrucao>7</tr_500:grauInstrucao>
        <tr_500:situacaoReceita>1</tr_500:situacaoReceita>
        <tr_500:dataAtualizacao>02/08/2022</tr_500:dataAtualizacao>
        <tr_500:regiaoCpf>1</tr_500:regiaoCpf>
        <tr_500:tituloEleitor>0038053800922</tr_500:tituloEleitor>
        <tr_500:obito></tr_500:obito>
        <tr_500:mensagem></tr_500:mensagem>
    </tr_500:identificacao>
    <tr_501:localizacao>
        <tr_501:tamanhoRegistro>323</tr_501:tamanhoRegistro>
        <tr_501:tipoRegistro>501</tr_501:tipoRegistro>
        <tr_501:registro>S</tr_501:registro>
        <tr_501:tipoLogradouro>R</tr_501:tipoLogradouro>
        <tr_501:nomeLogradouro>MIRITIBA</tr_501:nomeLogradouro>
        <tr_501:numeroLogradouro>302</tr_501:numeroLogradouro>
        <tr_501:complemento>CS 106</tr_501:complemento>
        <tr_501:bairro>FREGUESIA ILHA DO GOVERNADOR</tr_501:bairro>
        <tr_501:cidade>RIO DE JANEIRO</tr_501:cidade>
        <tr_501:unidadeFederativa>RJ</tr_501:unidadeFederativa>
        <tr_501:cep>21911120</tr_501:cep>
        <tr_501:ddd_1>0021</tr_501:ddd_1>
        <tr_501:telefone_1>992635878</tr_501:telefone_1>
        <tr_501:ddd_2>0027</tr_501:ddd_2>
        <tr_501:telefone_2>33430557</tr_501:telefone_2>
        <tr_501:ddd_3>0021</tr_501:ddd_3>
        <tr_501:telefone_3>27097884</tr_501:telefone_3>
    </tr_501:localizacao>
    <tr_601:score_classificacao_varios_modelos>
        <tr_601:tamanhoRegistro>462</tr_601:tamanhoRegistro>
        <tr_601:tipoRegistro>601</tr_601:tipoRegistro>
        <tr_601:registro>S</tr_601:registro>
        <tr_601:tipoScore>1</tr_601:tipoScore>
        <tr_601:score>554</tr_601:score>
        <tr_601:valor>0</tr_601:valor>
        <tr_601:planoExecucao>N</tr_601:planoExecucao>
        <tr_601:modeloPlano></tr_601:modeloPlano>
        <tr_601:nomePlano></tr_601:nomePlano>
        <tr_601:modeloScore>1D</tr_601:modeloScore>
        <tr_601:nomeScore>1D</tr_601:nomeScore>
        <tr_601:classificacaoNumerica>08</tr_601:classificacaoNumerica>
        <tr_601:classificacaoAlfabetica>B</tr_601:classificacaoAlfabetica>
        <tr_601:probabilidade>00400</tr_601:probabilidade>
        <tr_601:texto>É provável que 96% das pessoas com esse mesmo comportamento, paguem suas   contas nos próximos 6 meses.</tr_601:texto>
        <tr_601:codigoNaturezaModelo>115</tr_601:codigoNaturezaModelo>
        <tr_601:descricaoNatureza>POSITIVO PF</tr_601:descricaoNatureza>
        <tr_601:texto2></tr_601:texto2>
    </tr_601:score_classificacao_varios_modelos>
    <tr_601:score_classificacao_varios_modelos>
        <tr_601:tamanhoRegistro>462</tr_601:tamanhoRegistro>
        <tr_601:tipoRegistro>601</tr_601:tipoRegistro>
        <tr_601:registro>S</tr_601:registro>
        <tr_601:tipoScore>1</tr_601:tipoScore>
        <tr_601:score>9</tr_601:score>
        <tr_601:valor>0</tr_601:valor>
        <tr_601:planoExecucao>N</tr_601:planoExecucao>
        <tr_601:modeloPlano>1F</tr_601:modeloPlano>
        <tr_601:nomePlano></tr_601:nomePlano>
        <tr_601:modeloScore>1F</tr_601:modeloScore>
        <tr_601:nomeScore>RankRnd Positiva P5</tr_601:nomeScore>
        <tr_601:classificacaoNumerica>00</tr_601:classificacaoNumerica>
        <tr_601:classificacaoAlfabetica></tr_601:classificacaoAlfabetica>
        <tr_601:probabilidade>00000</tr_601:probabilidade>
        <tr_601:texto>De R$ 7.001 até R$ 9.000</tr_601:texto>
        <tr_601:codigoNaturezaModelo>116</tr_601:codigoNaturezaModelo>
        <tr_601:descricaoNatureza>RENDA PRESUMIDA POSITIVA</tr_601:descricaoNatureza>
        <tr_601:texto2>Renda estimada a partir de informações comportamentais e cadastrais do consumidor.</tr_601:texto2>
    </tr_601:score_classificacao_varios_modelos>
    <tr_801:painel_controle_positivo>
        <tr_801:indicadores_positivos_comportamento_pagamento>
            <tr_700:nota_comportamento_fatura_em_atraso>
                <tr_700:nota>Sem informações suficientes para cálculo</tr_700:nota>
            </tr_700:nota_comportamento_fatura_em_atraso>
        </tr_801:indicadores_positivos_comportamento_pagamento>
        <tr_801:indicadores_positivos_comportamento_consumo>
            <tr_700:nota_comportamento_contratos_recentes>
                <tr_700:nota>A</tr_700:nota>
            </tr_700:nota_comportamento_contratos_recentes>
        </tr_801:indicadores_positivos_comportamento_consumo>
    </tr_801:painel_controle_positivo>
    <tr_804:status_consumidor>
        <tr_804:mensagem>CONSUMIDOR PARTICIPANTE DO CADASTRO POSITIVO COM INFORMAÇÃO</tr_804:mensagem>
    </tr_804:status_consumidor>
    <tr_940:mensagem_registro>
        <tr_940:tamanhoRegistro>004</tr_940:tamanhoRegistro>
        <tr_940:tipoRegistro>940</tr_940:tipoRegistro>
        <tr_940:registro>N</tr_940:registro>
    </tr_940:mensagem_registro>
</essencial>