<?xml version="1.0" encoding="UTF-8" standalone="yes"?>
<definePositivoRisco xmlns:decisao="http://boavistaservicos.com.br/define/positivo/xml/decisao" xmlns:statcon="http://boavistaservicos.com.br/define/positivo/xml/status_consumidor" xmlns:cred="http://boavistaservicos.com.br/define/positivo/xml/limite_credito" xmlns:idenb="http://boavistaservicos.com.br/define/positivo/xml/identificacao_basico" xmlns:locb="http://boavistaservicos.com.br/define/positivo/xml/localizacao_basico" xmlns:scor="http://boavistaservicos.com.br/define/positivo/xml/score" xmlns:fat="http://boavistaservicos.com.br/define/positivo/xml/faturamento_presumido" xmlns:mesmoe="http://boavistaservicos.com.br/define/positivo/xml/empresas_situada_no_mesmo_endereco" xmlns:soc="http://boavistaservicos.com.br/define/positivo/xml/socios" xmlns:rest="http://boavistaservicos.com.br/define/positivo/xml/restricoes_documento" xmlns:adm="http://boavistaservicos.com.br/define/positivo/xml/administradores" xmlns:parsc="http://boavistaservicos.com.br/define/positivo/xml/participacoes_socios_adm_outras_empresas" xmlns:parc="http://boavistaservicos.com.br/define/positivo/xml/participacoes_empresas_consultadas" xmlns:con="http://boavistaservicos.com.br/define/positivo/xml/consultas" xmlns:ultc="http://boavistaservicos.com.br/define/positivo/xml/ultimas_consultas" xmlns:anvis="http://boavistaservicos.com.br/define/positivo/xml/anvisa" xmlns:hisci="http://boavistaservicos.com.br/define/positivo/xml/historico_cheque_informados" xmlns:hiscc="http://boavistaservicos.com.br/define/positivo/xml/historico_conta_correntes" xmlns:enda="http://boavistaservicos.com.br/define/positivo/xml/endereco_telefones_agencia_bancaria" xmlns:pen="http://boavistaservicos.com.br/define/positivo/xml/pendencias_restricoes" xmlns:cheq1="http://boavistaservicos.com.br/define/positivo/xml/cheques_sem_fundo" xmlns:cheq2="http://boavistaservicos.com.br/define/positivo/xml/cheques_sustados" xmlns:cheq3="http://boavistaservicos.com.br/define/positivo/xml/cheques_devolvidos_informados_usuario" xmlns:prot="http://boavistaservicos.com.br/define/positivo/xml/protestos" xmlns:demaisin="http://boavistaservicos.com.br/define/positivo/xml/comportamental/demais_informacoes" xmlns:credobt="http://boavistaservicos.com.br/define/positivo/xml/comportamental/credito_obtido" xmlns:period="http://boavistaservicos.com.br/define/positivo/xml/comportamental/lista_indicador_comportamento" xmlns:compro="http://boavistaservicos.com.br/define/positivo/xml/comportamental/compromissos" xmlns:pgtpont="http://boavistaservicos.com.br/define/positivo/xml/comportamental/pagamento_pontual" xmlns:pgtatra="http://boavistaservicos.com.br/define/positivo/xml/comportamental/pagamento_atrasado" xmlns:compfut="http://boavistaservicos.com.br/define/positivo/xml/comportamental/comprometimento_futuro" xmlns:error="http://boavistaservicos.com.br/define/positivo/xml/erro" xmlns="http://boavistaservicos.com.br/define/positivo/xml/risco_positivo/v3">
    <decisao:decisao>
        <decisao:flag>S</decisao:flag>
        <decisao:descricao>Decisão ok</decisao:descricao>
    </decisao:decisao>
    <statcon:status_consumidor>
        <statcon:mensagem>000 - CONSUMIDOR PARTICIPANTE DO CADASTRO POSITIVO COM INFORMAÇÃO</statcon:mensagem>
    </statcon:status_consumidor>
    <cred:limite_credito>
        <cred:descricaoNatureza>DESCRICAO</cred:descricaoNatureza>
        <cred:score>SCORE</cred:score>
        <cred:texto>TEXTO</cred:texto>
    </cred:limite_credito>
    <idenb:identificacao_basico>
        <idenb:cnpj>00000000000000</idenb:cnpj>
        <idenb:razao_social>EMPRESA TESTE DE SOFTWARE</idenb:razao_social>
        <idenb:nome_fantasia>EMPRESA TESTE</idenb:nome_fantasia>
        <idenb:situacao_cnpj>ATIVO</idenb:situacao_cnpj>
        <idenb:data_situacao_cnpj>01/01/2019</idenb:data_situacao_cnpj>
        <idenb:data_consulta_receita_federal>13/11/2017</idenb:data_consulta_receita_federal>
        <idenb:numero_nire>12345678912</idenb:numero_nire>
        <idenb:uf_nire>SP</idenb:uf_nire>
        <idenb:inscricao_estadual>1234874157</idenb:inscricao_estadual>
        <idenb:uf_inscricao_estadual>SP</idenb:uf_inscricao_estadual>
        <idenb:data_fundacao>05/07/2000</idenb:data_fundacao>
        <idenb:codigo_natureza_juridica>2062</idenb:codigo_natureza_juridica>
        <idenb:natureza_juridica>SOCIEDADE EMPRESARIA LIMITADA</idenb:natureza_juridica>
        <idenb:ramo_atividade>
            <idenb:atividade>ATIVIDADE</idenb:atividade>
            <idenb:cnae>CNAE</idenb:cnae>
        </idenb:ramo_atividade>
    </idenb:identificacao_basico>
    <locb:localizacao_basico>
        <locb:tipo_endereco>PREDIO</locb:tipo_endereco>
        <locb:logradouro>RUA JOAQUIM</locb:logradouro>
        <locb:numero>000</locb:numero>
        <locb:complemento>NENHUM</locb:complemento>
        <locb:bairro>CENTRO</locb:bairro>
        <locb:cep>000000-000</locb:cep>
        <locb:cidade>SÃO PAULO</locb:cidade>
        <locb:uf>SP</locb:uf>
    </locb:localizacao_basico>
    <scor:score>
        <scor:score_pj>
            <scor:score>0</scor:score>
            <scor:modelo_score>38</scor:modelo_score>
            <scor:classificacao_numerica>16</scor:classificacao_numerica>
            <scor:classificacao_alfabetica>F</scor:classificacao_alfabetica>
            <scor:probabilidade>0.0</scor:probabilidade>
            <scor:texto>Não há informações suficientes sobre o comportamento de pagamento da empresa para o cálculo do risco.</scor:texto>
        </scor:score_pj>
    </scor:score>
    <fat:faturamento_presumido>
        <fat:faixa>12</fat:faixa>
        <fat:faturamento_anual>De R$ 1.100.001 até R$ 1.900.000</fat:faturamento_anual>
        <fat:mensagem>Faturamento estimado a partir de informações comportamentais e cadastrais da empresa.</fat:mensagem>
    </fat:faturamento_presumido>
    <mesmoe:empresas_situada_no_mesmo_endereco>
        <mesmoe:mensagem>EMPRESAS SITUADAS MESMO ENDEREÇO</mesmoe:mensagem>
    </mesmoe:empresas_situada_no_mesmo_endereco>
    <soc:socios>
        <soc:socio>
            <soc:nome_empresa>TESTE</soc:nome_empresa>
            <soc:cpf_cnpj>00000000000</soc:cpf_cnpj>
            <soc:tipo_documento>1</soc:tipo_documento>
            <soc:situacao_documento>REGULAR</soc:situacao_documento>
            <soc:participacao>100%</soc:participacao>
            <soc:data_entrada>20/08/2001</soc:data_entrada>
            <soc:assina_empresa>SIM</soc:assina_empresa>
            <soc:indicador_debito>S</soc:indicador_debito>
            <soc:indicador_fraude>S</soc:indicador_fraude>
            <rest:restricoes_documento>
                <rest:pendencias_restricoes>
                    <rest:quantidade>0</rest:quantidade>
                    <rest:ultima>01/01/2019</rest:ultima>
                    <rest:valor>0.00</rest:valor>
                </rest:pendencias_restricoes>
                <rest:cheques_sem_fundo>
                    <rest:quantidade>10</rest:quantidade>
                    <rest:ultima>09/09/2013</rest:ultima>
                    <rest:valor>534.85</rest:valor>
                </rest:cheques_sem_fundo>
                <rest:protestos>
                    <rest:quantidade>0</rest:quantidade>
                    <rest:ultima>01/01/2019</rest:ultima>
                    <rest:valor>0.00</rest:valor>
                </rest:protestos>
                <rest:acoes_judiciais>
                    <rest:quantidade>1</rest:quantidade>
                    <rest:ultima>21/11/2018</rest:ultima>
                    <rest:valor>20.00</rest:valor>
                </rest:acoes_judiciais>
                <rest:falencias_recuperacao_judicial>
                    <rest:quantidade>0</rest:quantidade>
                    <rest:ultima>01/01/2019</rest:ultima>
                    <rest:valor>0.00</rest:valor>
                </rest:falencias_recuperacao_judicial>
                <rest:consultas>
                    <rest:quantidade>5</rest:quantidade>
                    <rest:ultima>19/11/2018</rest:ultima>
                    <rest:valor>1000.00</rest:valor>
                </rest:consultas>
            </rest:restricoes_documento>
        </soc:socio>
    </soc:socios>
    <adm:administradores>
        <adm:administrador>
            <adm:nome>FULANO DE TAL</adm:nome>
            <adm:cpf>00000000000</adm:cpf>
            <adm:entrada>13/11/2002</adm:entrada>
            <adm:mandato>SIM</adm:mandato>
            <adm:cargo>ADM</adm:cargo>
            <adm:situacao_cpf>REGULAR</adm:situacao_cpf>
            <adm:indicador_debito>N</adm:indicador_debito>
            <adm:indicador_fraude>S</adm:indicador_fraude>
            <rest:restricoes_documento>
                <rest:pendencias_restricoes>
                    <rest:quantidade>0</rest:quantidade>
                    <rest:ultima>01/01/2019</rest:ultima>
                    <rest:valor>0.00</rest:valor>
                </rest:pendencias_restricoes>
                <rest:cheques_sem_fundo>
                    <rest:quantidade>10</rest:quantidade>
                    <rest:ultima>09/09/2013</rest:ultima>
                    <rest:valor>534.85</rest:valor>
                </rest:cheques_sem_fundo>
                <rest:protestos>
                    <rest:quantidade>0</rest:quantidade>
                    <rest:ultima>01/01/2019</rest:ultima>
                    <rest:valor>0.00</rest:valor>
                </rest:protestos>
                <rest:acoes_judiciais>
                    <rest:quantidade>1</rest:quantidade>
                    <rest:ultima>21/11/2018</rest:ultima>
                    <rest:valor>20.00</rest:valor>
                </rest:acoes_judiciais>
                <rest:falencias_recuperacao_judicial>
                    <rest:quantidade>0</rest:quantidade>
                    <rest:ultima>01/01/2019</rest:ultima>
                    <rest:valor>0.00</rest:valor>
                </rest:falencias_recuperacao_judicial>
                <rest:consultas>
                    <rest:quantidade>5</rest:quantidade>
                    <rest:ultima>19/11/2018</rest:ultima>
                    <rest:valor>1000.00</rest:valor>
                </rest:consultas>
            </rest:restricoes_documento>
        </adm:administrador>
    </adm:administradores>
    <parsc:participacoes_socios_adm_outras_empresas>
        <parsc:socio>
            <parsc:nome_socio>NOME SOCIO</parsc:nome_socio>
            <parsc:cpf>00000000000</parsc:cpf>
            <parsc:socios_participantes>
                <parsc:razao_social>RAZAO SOCIAL TESTE</parsc:razao_social>
                <parsc:cnpj>00000000000000</parsc:cnpj>
                <parsc:situacao_cnpj>BAIXADO</parsc:situacao_cnpj>
                <parsc:participacao>95%</parsc:participacao>
                <parsc:entrada>01/01/2019</parsc:entrada>
                <parsc:indicador_debito>N</parsc:indicador_debito>
                <parsc:indicador_fraude>S</parsc:indicador_fraude>
                <rest:restricoes_documento>
                    <rest:pendencias_restricoes>
                        <rest:quantidade>0</rest:quantidade>
                        <rest:ultima>01/01/2019</rest:ultima>
                        <rest:valor>0.00</rest:valor>
                    </rest:pendencias_restricoes>
                    <rest:cheques_sem_fundo>
                        <rest:quantidade>10</rest:quantidade>
                        <rest:ultima>09/09/2013</rest:ultima>
                        <rest:valor>534.85</rest:valor>
                    </rest:cheques_sem_fundo>
                    <rest:protestos>
                        <rest:quantidade>0</rest:quantidade>
                        <rest:ultima>01/01/2019</rest:ultima>
                        <rest:valor>0.00</rest:valor>
                    </rest:protestos>
                    <rest:acoes_judiciais>
                        <rest:quantidade>1</rest:quantidade>
                        <rest:ultima>21/11/2018</rest:ultima>
                        <rest:valor>20.00</rest:valor>
                    </rest:acoes_judiciais>
                    <rest:falencias_recuperacao_judicial>
                        <rest:quantidade>0</rest:quantidade>
                        <rest:ultima>01/01/2019</rest:ultima>
                        <rest:valor>0.00</rest:valor>
                    </rest:falencias_recuperacao_judicial>
                    <rest:consultas>
                        <rest:quantidade>5</rest:quantidade>
                        <rest:ultima>19/11/2018</rest:ultima>
                        <rest:valor>1000.00</rest:valor>
                    </rest:consultas>
                </rest:restricoes_documento>
            </parsc:socios_participantes>
        </parsc:socio>
    </parsc:participacoes_socios_adm_outras_empresas>
    <parc:participacoes_empresas_consultadas>
        <parc:participacao_empresa_consultada>
            <parc:razao_social_participada>RAZAO SOCIAL TESTE</parc:razao_social_participada>
            <parc:cnpj_participada>00000000000000</parc:cnpj_participada>
            <parc:situacao_cnpj>CANCELADO</parc:situacao_cnpj>
            <parc:participacao>30%</parc:participacao>
            <parc:entrada>25/07/2002</parc:entrada>
            <parc:indicador_debito>S</parc:indicador_debito>
            <parc:indicador_fraude>N</parc:indicador_fraude>
            <rest:restricoes_documento>
                <rest:pendencias_restricoes>
                    <rest:quantidade>0</rest:quantidade>
                    <rest:ultima>01/01/2019</rest:ultima>
                    <rest:valor>0.00</rest:valor>
                </rest:pendencias_restricoes>
                <rest:cheques_sem_fundo>
                    <rest:quantidade>10</rest:quantidade>
                    <rest:ultima>09/09/2013</rest:ultima>
                    <rest:valor>534.85</rest:valor>
                </rest:cheques_sem_fundo>
                <rest:protestos>
                    <rest:quantidade>0</rest:quantidade>
                    <rest:ultima>01/01/2019</rest:ultima>
                    <rest:valor>0.00</rest:valor>
                </rest:protestos>
                <rest:acoes_judiciais>
                    <rest:quantidade>1</rest:quantidade>
                    <rest:ultima>21/11/2018</rest:ultima>
                    <rest:valor>20.00</rest:valor>
                </rest:acoes_judiciais>
                <rest:falencias_recuperacao_judicial>
                    <rest:quantidade>0</rest:quantidade>
                    <rest:ultima>01/01/2019</rest:ultima>
                    <rest:valor>0.00</rest:valor>
                </rest:falencias_recuperacao_judicial>
                <rest:consultas>
                    <rest:quantidade>5</rest:quantidade>
                    <rest:ultima>19/11/2018</rest:ultima>
                    <rest:valor>1000.00</rest:valor>
                </rest:consultas>
            </rest:restricoes_documento>
        </parc:participacao_empresa_consultada>
    </parc:participacoes_empresas_consultadas>
    <con:consultas>
        <con:quantidade_total>0</con:quantidade_total>
        <con:periodo_inicial>01/11/2018</con:periodo_inicial>
        <con:periodo_final>01/11/2017</con:periodo_final>
        <con:consultas_mes>
            <con:mes_ano>112018</con:mes_ano>
            <con:quantidade>23</con:quantidade>
        </con:consultas_mes>
    </con:consultas>
    <anvis:anvisa>
        <anvis:farmacia_drogaria>
            <anvis:resp_legal>RESPONSAVEL LEGAL</anvis:resp_legal>
            <anvis:resp_tecnico>RESPONSAVEL TEC.</anvis:resp_tecnico>
            <anvis:segundo_resp_legal>SEG. RESPONSAVEL LEGAL</anvis:segundo_resp_legal>
            <anvis:segundo_resp_tecnico>SEG. RESPONSAVEL TEC.</anvis:segundo_resp_tecnico>
            <anvis:terceiro_resp_legal>TERC. RESPONSAVEL TEC.</anvis:terceiro_resp_legal>
            <anvis:terceiro_resp_tecnico>TERC. RESPONSAVEL TEC.</anvis:terceiro_resp_tecnico>
            <anvis:autorizacoes>
                <anvis:autorizacao>
                    <anvis:autorizacao>AUTORIZACAO</anvis:autorizacao>
                    <anvis:situacao>SITUACAO</anvis:situacao>
                    <anvis:data_autorizacao>01/01/2019</anvis:data_autorizacao>
                    <anvis:num_processo>00000</anvis:num_processo>
                    <anvis:tipo_autorizacao>TIPO</anvis:tipo_autorizacao>
                    <anvis:tipo_autorizacao2>TIPO 2</anvis:tipo_autorizacao2>
                    <anvis:classe_atividade>CLASSE ATIVIDADE</anvis:classe_atividade>
                </anvis:autorizacao>
            </anvis:autorizacoes>
        </anvis:farmacia_drogaria>
        <anvis:distribuidores>
            <anvis:resp_legal>RESPONSAVEL</anvis:resp_legal>
            <anvis:resp_tecnico>RESPONSAVEL TEC.</anvis:resp_tecnico>
            <anvis:segundo_resp_legal>SEG. RESPONSAVEL LEGAL</anvis:segundo_resp_legal>
            <anvis:segundo_resp_tecnico>SEG. RESPONSAVEL TEC.</anvis:segundo_resp_tecnico>
            <anvis:terceiro_resp_legal>TERC. RESPONSAVEL LEGAL</anvis:terceiro_resp_legal>
            <anvis:terceiro_resp_tecnico>TERC. RESPONSAVEL TEC.</anvis:terceiro_resp_tecnico>
            <anvis:autorizacoes>
                <anvis:autorizacao>
                    <anvis:autorizacao>AUTORIZACAO</anvis:autorizacao>
                    <anvis:situacao>SITUACAO</anvis:situacao>
                    <anvis:data_autorizacao>01/01/2019</anvis:data_autorizacao>
                    <anvis:num_processo>00000</anvis:num_processo>
                    <anvis:tipo_autorizacao>TIPO</anvis:tipo_autorizacao>
                    <anvis:tipo_autorizacao2>TIPO 2</anvis:tipo_autorizacao2>
                    <anvis:classe_atividade>CLASSE ATIVIDADE</anvis:classe_atividade>
                </anvis:autorizacao>
            </anvis:autorizacoes>
        </anvis:distribuidores>
        <anvis:peticoes>
            <anvis:peticao>
                <anvis:data_entrada>01/01/2019</anvis:data_entrada>
                <anvis:num_expediente>NUM</anvis:num_expediente>
                <anvis:situacao>SITUACAO</anvis:situacao>
                <anvis:protocolo>PROTOCOLO</anvis:protocolo>
                <anvis:assunto>ASSUNTO</anvis:assunto>
                <anvis:processo>PROCESSO</anvis:processo>
                <anvis:local>LOCAL</anvis:local>
                <anvis:publicacao>PUBLICACAO</anvis:publicacao>
                <anvis:resolucao>RESOLUCAO</anvis:resolucao>
            </anvis:peticao>
        </anvis:peticoes>
    </anvis:anvisa>
    <hisci:historico_cheque_informados>
        <hisci:historico_cheque_informado>
            <hisci:banco>BANCO</hisci:banco>
            <hisci:agencia>AGENCIA</hisci:agencia>
            <hisci:conta_corrente>CC</hisci:conta_corrente>
            <hisci:numero_cheque>NUM CHEQUE</hisci:numero_cheque>
            <hisci:data_consulta>01/01/2019</hisci:data_consulta>
            <hisci:rede>REDE</hisci:rede>
        </hisci:historico_cheque_informado>
    </hisci:historico_cheque_informados>
    <hiscc:historico_conta_correntes>
        <hiscc:historico_conta_corrente>
            <hiscc:banco>BANCO</hiscc:banco>
            <hiscc:agencia>AGENCIA</hiscc:agencia>
            <hiscc:conta_corrente>CC</hiscc:conta_corrente>
            <hiscc:numero_documento>000000</hiscc:numero_documento>
            <hiscc:tipo_documento>1</hiscc:tipo_documento>
            <hiscc:data_consulta>01/01/2019</hiscc:data_consulta>
        </hiscc:historico_conta_corrente>
    </hiscc:historico_conta_correntes>
    <enda:endereco_telefones_agencia_bancaria>
        <enda:endereco_telefone_agencia>
            <enda:banco>BANCO</enda:banco>
            <enda:nome_banco>NOME BANCO</enda:nome_banco>
            <enda:agencia>AGENCIA</enda:agencia>
            <enda:nome_agencia>NOME AGENCIA</enda:nome_agencia>
            <enda:ddd>DDD</enda:ddd>
            <enda:telefone_1>TELEFONE1</enda:telefone_1>
            <enda:telefone_2>TELEFONE2</enda:telefone_2>
            <enda:endereco>ENDERECO</enda:endereco>
            <enda:bairro>BAIRRO</enda:bairro>
            <enda:cep>CEP</enda:cep>
            <enda:cidade>CIDADE</enda:cidade>
            <enda:uf>UF</enda:uf>
            <enda:praca>PRACA</enda:praca>
        </enda:endereco_telefone_agencia>
    </enda:endereco_telefones_agencia_bancaria>
    <pen:pendencias_restricoes>
        <pen:total_pendencias>0</pen:total_pendencias>
        <pen:total_credores>0</pen:total_credores>
        <pen:valor>0.0000</pen:valor>
        <pen:periodo_inicial>01/01/2019</pen:periodo_inicial>
        <pen:periodo_final>01/01/2019</pen:periodo_final>
        <pen:valor_primeiro>0.00000</pen:valor_primeiro>
        <pen:data_primeiro>01/01/2019</pen:data_primeiro>
        <pen:valor_maior>0.000</pen:valor_maior>
        <pen:data_maior>01/01/2019</pen:data_maior>
        <pen:ultimas_ocorrencias>
            <pen:pendencia_restricao>
                <pen:informante>INFORMANTE</pen:informante>
                <pen:tipo>TIPO</pen:tipo>
                <pen:cidade>CIDADE</pen:cidade>
                <pen:uf>UF</pen:uf>
                <pen:documento_origem>DOC</pen:documento_origem>
                <pen:data_debito>01/01/2019</pen:data_debito>
                <pen:disponivel_em>01/01/2019</pen:disponivel_em>
                <pen:valor>0</pen:valor>
            </pen:pendencia_restricao>
        </pen:ultimas_ocorrencias>
    </pen:pendencias_restricoes>
    <cheq1:cheques_sem_fundo>
        <cheq1:total_cheques_sem_fundos>0</cheq1:total_cheques_sem_fundos>
        <cheq1:total_nomes_relacionados>0</cheq1:total_nomes_relacionados>
        <cheq1:ultimas_ocorrencias>
            <cheq1:cheque_sem_fundo>
                <cheq1:nome>NOME</cheq1:nome>
                <cheq1:data_ultimo>01/01/2019</cheq1:data_ultimo>
                <cheq1:numero_banco>NUM BANCO</cheq1:numero_banco>
                <cheq1:nome_banco>NOME BANCO</cheq1:nome_banco>
                <cheq1:agencia>AGENCIA</cheq1:agencia>
                <cheq1:motivo>MOTIVO</cheq1:motivo>
                <cheq1:quantidade>0</cheq1:quantidade>
            </cheq1:cheque_sem_fundo>
        </cheq1:ultimas_ocorrencias>
    </cheq1:cheques_sem_fundo>
    <cheq2:cheques_sustados>
        <cheq2:total>0</cheq2:total>
        <cheq2:periodo_inicial>01/01/2019</cheq2:periodo_inicial>
        <cheq2:periodo_final>01/01/2019</cheq2:periodo_final>
        <cheq2:ultimas_ocorrencias>
            <cheq2:cheques_sustado>
                <cheq2:data>01/01/2019</cheq2:data>
                <cheq2:banco>BANCO</cheq2:banco>
                <cheq2:agencia>AGENCIA</cheq2:agencia>
                <cheq2:cheques>CHEQUES</cheq2:cheques>
                <cheq2:data_da_ocorrencia>01/01/2019</cheq2:data_da_ocorrencia>
            </cheq2:cheques_sustado>
        </cheq2:ultimas_ocorrencias>
    </cheq2:cheques_sustados>
    <cheq3:cheques_devolvidos_informados_usuario>
        <cheq3:quantidade_total>0</cheq3:quantidade_total>
        <cheq3:periodo_inicial>01/01/2019</cheq3:periodo_inicial>
        <cheq3:periodo_final>01/01/2019</cheq3:periodo_final>
        <cheq3:ultimas_ocorrencias>
            <cheq3:cheque_devolvido_informado_usuario>
                <cheq3:informante>INFORMANTE</cheq3:informante>
                <cheq3:banco>BANCO</cheq3:banco>
                <cheq3:agencia>AGENCIA</cheq3:agencia>
                <cheq3:cheques_inicial>CHEQUE INICIAL</cheq3:cheques_inicial>
                <cheq3:cheques_final>CHEQUE FINAL</cheq3:cheques_final>
                <cheq3:data_ocorrencia>01/01/2019</cheq3:data_ocorrencia>
                <cheq3:data_registro>01/01/2019</cheq3:data_registro>
                <cheq3:motivo>MOTIVO</cheq3:motivo>
                <cheq3:cidade>CIDADE</cheq3:cidade>
                <cheq3:uf>UF</cheq3:uf>
            </cheq3:cheque_devolvido_informado_usuario>
        </cheq3:ultimas_ocorrencias>
    </cheq3:cheques_devolvidos_informados_usuario>
    <prot:protestos>
        <prot:total_protestos>0</prot:total_protestos>
        <prot:valor_total>0</prot:valor_total>
        <prot:data_primeiro>01/01/2019</prot:data_primeiro>
        <prot:valor_primeiro>0</prot:valor_primeiro>
        <prot:data_maior>01/01/2019</prot:data_maior>
        <prot:valor_maior>0</prot:valor_maior>
        <prot:ultimas_ocorrencias>
            <prot:protesto>
                <prot:data>01/01/2019</prot:data>
                <prot:vencimento>01/01/2019</prot:vencimento>
                <prot:cartorio>CARTORIO</prot:cartorio>
                <prot:cidade>CIDADE</prot:cidade>
                <prot:estado>ESTADO</prot:estado>
                <prot:valor>0.0000</prot:valor>
            </prot:protesto>
        </prot:ultimas_ocorrencias>
    </prot:protestos>
    <demaisin:demais_informacoes>
        <demaisin:tempo_relacionamento_fornecedores>
            <demaisin:historico_periodo>
                <demaisin:periodo>Tempo de relacionamento com fornecedores (%)</demaisin:periodo>
                <demaisin:valor>0%</demaisin:valor>
            </demaisin:historico_periodo>
            <demaisin:historico_periodo>
                <demaisin:periodo>Até 6 meses</demaisin:periodo>
                <demaisin:valor>-</demaisin:valor>
            </demaisin:historico_periodo>
            <demaisin:historico_periodo>
                <demaisin:periodo>De 7 a 12 meses</demaisin:periodo>
                <demaisin:valor>-</demaisin:valor>
            </demaisin:historico_periodo>
            <demaisin:historico_periodo>
                <demaisin:periodo>De 1 a 2 anos</demaisin:periodo>
                <demaisin:valor>-</demaisin:valor>
            </demaisin:historico_periodo>
            <demaisin:historico_periodo>
                <demaisin:periodo>De 3 a 5 anos</demaisin:periodo>
                <demaisin:valor>-</demaisin:valor>
            </demaisin:historico_periodo>
            <demaisin:historico_periodo>
                <demaisin:periodo>De 6 a 10 anos</demaisin:periodo>
                <demaisin:valor>-</demaisin:valor>
            </demaisin:historico_periodo>
            <demaisin:historico_periodo>
                <demaisin:periodo>Mais de 10 anos</demaisin:periodo>
                <demaisin:valor>-</demaisin:valor>
            </demaisin:historico_periodo>
        </demaisin:tempo_relacionamento_fornecedores>
        <demaisin:acontecimentos_importantes>
            <demaisin:historico_periodo_pontuacao>
                <demaisin:periodo>Acontecimentos Importantes</demaisin:periodo>
                <demaisin:pontuacao>Data</demaisin:pontuacao>
            </demaisin:historico_periodo_pontuacao>
            <demaisin:historico_periodo_pontuacao>
                <demaisin:periodo>Ultima Compra</demaisin:periodo>
                <demaisin:pontuacao>-</demaisin:pontuacao>
            </demaisin:historico_periodo_pontuacao>
            <demaisin:historico_periodo_pontuacao>
                <demaisin:periodo>Maior Fatura</demaisin:periodo>
                <demaisin:pontuacao>-</demaisin:pontuacao>
            </demaisin:historico_periodo_pontuacao>
        </demaisin:acontecimentos_importantes>
    </demaisin:demais_informacoes>
    <credobt:credito_obtido>
        <credobt:pontuacao>00</credobt:pontuacao>
        <period:lista_indicador_comportamento>
            <period:item_indicador>
                <period:mes_ano>FEV/2019</period:mes_ano>
                <period:pontuacao_mensal>-</period:pontuacao_mensal>
            </period:item_indicador>
            <period:item_indicador>
                <period:mes_ano>MAR/2019</period:mes_ano>
                <period:pontuacao_mensal>-</period:pontuacao_mensal>
            </period:item_indicador>
        </period:lista_indicador_comportamento>
    </credobt:credito_obtido>
    <compro:compromissos>
        <compro:pontuacao>-</compro:pontuacao>
        <period:lista_indicador_comportamento>
            <period:item_indicador>
                <period:mes_ano>FEV/2019</period:mes_ano>
                <period:pontuacao_mensal>-</period:pontuacao_mensal>
            </period:item_indicador>
            <period:item_indicador>
                <period:mes_ano>MAR/2019</period:mes_ano>
                <period:pontuacao_mensal>-</period:pontuacao_mensal>
            </period:item_indicador>
        </period:lista_indicador_comportamento>
    </compro:compromissos>
    <pgtpont:pagamento_pontual>
        <pgtpont:pontuacao>-</pgtpont:pontuacao>
        <period:lista_indicador_comportamento>
            <period:item_indicador>
                <period:mes_ano>-</period:mes_ano>
                <period:pontuacao_mensal>-</period:pontuacao_mensal>
            </period:item_indicador>
            <period:item_indicador>
                <period:mes_ano>-</period:mes_ano>
                <period:pontuacao_mensal>-</period:pontuacao_mensal>
            </period:item_indicador>
        </period:lista_indicador_comportamento>
    </pgtpont:pagamento_pontual>
    <pgtatra:pagamento_atrasado>
        <pgtatra:periodo_6_a_15_dias>
            <pgtatra:pontuacao>-</pgtatra:pontuacao>
            <period:lista_indicador_comportamento>
                <period:item_indicador>
                    <period:mes_ano>-</period:mes_ano>
                    <period:pontuacao_mensal>-</period:pontuacao_mensal>
                </period:item_indicador>
                <period:item_indicador>
                    <period:mes_ano>-</period:mes_ano>
                    <period:pontuacao_mensal>-</period:pontuacao_mensal>
                </period:item_indicador>
                <period:item_indicador>
                    <period:mes_ano>-</period:mes_ano>
                    <period:pontuacao_mensal>-</period:pontuacao_mensal>
                </period:item_indicador>
            </period:lista_indicador_comportamento>
        </pgtatra:periodo_6_a_15_dias>
        <pgtatra:periodo_16_a_30_dias>
            <pgtatra:pontuacao>-</pgtatra:pontuacao>
            <period:lista_indicador_comportamento>
                <period:item_indicador>
                    <period:mes_ano>-</period:mes_ano>
                    <period:pontuacao_mensal>-</period:pontuacao_mensal>
                </period:item_indicador>
                <period:item_indicador>
                    <period:mes_ano>-</period:mes_ano>
                    <period:pontuacao_mensal>-</period:pontuacao_mensal>
                </period:item_indicador>
                <period:item_indicador>
                    <period:mes_ano>-</period:mes_ano>
                    <period:pontuacao_mensal>-</period:pontuacao_mensal>
                </period:item_indicador>
            </period:lista_indicador_comportamento>
        </pgtatra:periodo_16_a_30_dias>
        <pgtatra:periodo_31_a_60_dias>
            <pgtatra:pontuacao>-</pgtatra:pontuacao>
            <period:lista_indicador_comportamento>
                <period:item_indicador>
                    <period:mes_ano>-</period:mes_ano>
                    <period:pontuacao_mensal>-</period:pontuacao_mensal>
                </period:item_indicador>
                <period:item_indicador>
                    <period:mes_ano>-</period:mes_ano>
                    <period:pontuacao_mensal>-</period:pontuacao_mensal>
                </period:item_indicador>
                <period:item_indicador>
                    <period:mes_ano>-</period:mes_ano>
                    <period:pontuacao_mensal>-</period:pontuacao_mensal>
                </period:item_indicador>
            </period:lista_indicador_comportamento>
        </pgtatra:periodo_31_a_60_dias>
        <pgtatra:mais_de_60_dias>
            <pgtatra:pontuacao>-</pgtatra:pontuacao>
            <period:lista_indicador_comportamento>
                <period:item_indicador>
                    <period:mes_ano>-</period:mes_ano>
                    <period:pontuacao_mensal>-</period:pontuacao_mensal>
                </period:item_indicador>
                <period:item_indicador>
                    <period:mes_ano>-</period:mes_ano>
                    <period:pontuacao_mensal>-</period:pontuacao_mensal>
                </period:item_indicador>
                <period:item_indicador>
                    <period:mes_ano>-</period:mes_ano>
                    <period:pontuacao_mensal>-</period:pontuacao_mensal>
                </period:item_indicador>
            </period:lista_indicador_comportamento>
        </pgtatra:mais_de_60_dias>
        <pgtatra:atraso_medio_dias>
            <pgtatra:pontuacao>-</pgtatra:pontuacao>
            <period:lista_indicador_comportamento>
                <period:item_indicador>
                    <period:mes_ano>-</period:mes_ano>
                    <period:pontuacao_mensal>-</period:pontuacao_mensal>
                </period:item_indicador>
                <period:item_indicador>
                    <period:mes_ano>-</period:mes_ano>
                    <period:pontuacao_mensal>-</period:pontuacao_mensal>
                </period:item_indicador>
                <period:item_indicador>
                    <period:mes_ano>-</period:mes_ano>
                    <period:pontuacao_mensal>-</period:pontuacao_mensal>
                </period:item_indicador>
            </period:lista_indicador_comportamento>
        </pgtatra:atraso_medio_dias>
    </pgtatra:pagamento_atrasado>
    <compfut:comprometimento_futuro>
        <compfut:lista_compromissos>
            <compfut:compromisso>
                <compfut:periodo>-</compfut:periodo>
                <compfut:pontuacao>-</compfut:pontuacao>
            </compfut:compromisso>
        </compfut:lista_compromissos>
        <compfut:lista_credito>
            <compfut:credito>
                <compfut:periodo>-</compfut:periodo>
                <compfut:pontuacao>-</compfut:pontuacao>
            </compfut:credito>
        </compfut:lista_credito>
    </compfut:comprometimento_futuro>
</definePositivoRisco>
